"EmployerName","EmployerId","Address","PostCode","CompanyNumber","SicCodes","DiffMeanHourlyPercent","DiffMedianHourlyPercent","DiffMeanBonusPercent","DiffMedianBonusPercent","MaleBonusPercent","FemaleBonusPercent","MaleLowerQuartile","FemaleLowerQuartile","MaleLowerMiddleQuartile","FemaleLowerMiddleQuartile","MaleUpperMiddleQuartile","FemaleUpperMiddleQuartile","MaleTopQuartile","FemaleTopQuartile","CompanyLinkToGPGInfo","ResponsiblePerson","EmployerSize","CurrentName","SubmittedAfterTheDeadline","DueDate","DateSubmitted"
"ABACUS EMPLOYMENT SERVICES LIMITED","767","1 Chequers Road, Basingstoke, Hampshire, England, RG21 7PU","RG21 7PU","02638307","78200","-3.0","3.2","","","0","0","71.5","28.5","79.2","20.8","78.5","21.5","80.9","19.1","http://www.abacus-employment.com","Phil James (Finance Manager)","250 to 499","ABACUS EMPLOYMENT SERVICES LIMITED","False","2023/04/05 00:00:00","2022/04/13 14:57:04"
"AFH INDEPENDENT FINANCIAL SERVICES LIMITED","19364","Afh House Buntsford Drive, Stoke Heath, Bromsgrove, Worcestershire, B60 4JE","B60 4JE","04049180","64999","25","32","-33","69","2","3","29","71","28","72","41","59","60","40","","Alison Court (Senior HR Adviser)","500 to 999","AFH INDEPENDENT FINANCIAL SERVICES LIMITED","False","2023/04/05 00:00:00","2022/05/20 11:24:09"
"Allerdale Borough Council","17194","Allerdale House, Workington, CA14 3YJ","CA14 3YJ","","1,
84110","9.5","17.0","","","0","0","20","80","33","67","33","67","50","50","https://www.allerdale.gov.uk/en/about-council/equality-duty/","","Less than 250","Allerdale Borough Council","False","2023/03/31 00:00:00","2022/06/13 16:13:15"
"ALTRAD EMPLOYMENT SERVICES LIMITED","21061","Building 2, Fields End Business Park Davey Road, Thurnscoe, Goldthorpe, Rotherham, England, S63 0JF","S63 0JF","11631174","78300","15","25","-1","-23","82","45","87.8","12.2","97.3","2.7","99.4","0.6","96.7","3.3","","Padraig Somers (CEO - UK & Nordics)","5000 to 19,999","ALTRAD EMPLOYMENT SERVICES LIMITED","False","2023/04/05 00:00:00","2022/05/11 14:11:25"
"APPLUS UK LTD","1343","Block 2 Units C And D, West Mains Industrial Estate, Grangemouth, Stirlingshire, FK3 8YE","FK3 8YE","SC236136","71200","50.6","56","26.6","0.0","9.7","16.7","57.7","42.3","91","9","98.7","1.3","98.7","1.3","","Evelyn Grogan (Head of HR)","250 to 499","APPLUS UK LTD","False","2023/04/05 00:00:00","2022/04/05 09:00:52"
"ARCHANT COMMUNITY MEDIA LIMITED","1374","Loudwater Mill Station Road, Loudwater, High Wycombe, England, HP10 9TY","HP10 9TY","00019300","58130,
58190","14.5","15.8","21.8","31.2","30.0","44.6","32.0","68.0","40.4","59.6","48.9","51.1","52.0","48.0","","Alison Rich (Director of HR)","500 to 999","ARCHANT COMMUNITY MEDIA LIMITED","False","2023/04/05 00:00:00","2022/06/17 08:37:11"
"ARRK EUROPE LIMITED","87","Caldwell Road, Nuneaton, Warwickshire, CV11 4NG","CV11 4NG","03418673","32990","-1.8","12.9","-58.1","0","51.8","71.4","79.4","20.6","87.9","12.1","87.9","12.1","81.8","18.2","https://www.arrkeurope.com/fileadmin/user_upload/Company/arrk-companys/arrk-europe-limited/ARRK_Europe_Ltd._Gender_Pay_Report_April_2022.pdf","Simon Holmes (Finance Director)","Less than 250","ARRK EUROPE LIMITED","False","2023/04/05 00:00:00","2022/05/04 15:52:35"
"ASSOCIATION FOR SPINAL INJURY RESEARCH REHABILITATION AND REINTEGRATION","21453","2nd Floor Regis House, 45 King William Street, London, United Kingdom, EC4R 9AN","EC4R 9AN","03744357","86900,
93110,
93130","4.2","-7.3","","","0","0","57","43","41","59","18","82","41","59","","Tasha Webster (Director of Operations)","Less than 250","ASSOCIATION FOR SPINAL INJURY RESEARCH REHABILITATION AND REINTEGRATION","False","2023/04/05 00:00:00","2022/04/20 16:03:50"
"ATLAS PROFESSIONALS UK LIMITED","19368","10th Floor, Beacon Tower, Colston Street, Bristol, England, BS1 4XE","BS1 4XE","05788965","78109","-10","16","","","0","0","98","2","97","3","99","1","97","3","https://atlasprofessionals.com/static/files/Atlas%20Professionals%20UK%20Ltd%20Pay%20Gap%20Report%202021.pdf","Matt Riding (Group Commercial Director)","250 to 499","ATLAS PROFESSIONALS UK LIMITED","False","2023/04/05 00:00:00","2022/06/13 14:56:19"
"Bank of England","14475","Threadneedle Street, London, EC2R 8AH","EC2R 8AH","","1,
84110","18.5","20.1","23.1","24.8","92.5","93.8","40","60","51","49","60","40","67","33","https://www.bankofengland.co.uk/annual-report/2022","","1000 to 4999","Bank of England","False","2023/03/31 00:00:00","2022/06/23 17:12:15"
"BARKER CARE LIMITED","1818","Mortimer House, Clifton Down Road, Bristol, England, BS8 4AE","BS8 4AE","01385930","86102","-7.5","0","","","0","0","26.8","73.2","30.9","69.1","33.7","66.3","47","53","https://cedarcarehomes.co.uk/gender-pay-gap-2022/","Ganesh Gudka (Chief Finance Officer)","250 to 499","BARKER CARE LIMITED","False","2023/04/05 00:00:00","2022/06/06 17:08:32"
"BE MODERN LIMITED","1912","19-34 Bedesway Bede Industrial Estate, Jarrow, Tyne And Wear, NE32 3BE","NE32 3BE","00829005","31090","-1.1","-12.6","60.5","0.0","99.6","98.0","92.0","8.0","85.1","14.9","81.1","18.9","77.3","22.7","https://www.bemodern.com","JOHN HARRIS (Executive Director)","250 to 499","BE MODERN LIMITED","False","2023/04/05 00:00:00","2022/04/25 16:35:08"
"BIRTENSHAW","16714","Birtenshaw Darwen Road, Bromley Cross, Bolton, England, BL7 9AB","BL7 9AB","02978546","85590,
87900","4","1","","","0","0","32","68","35","65","26","74","34","66","https://birtenshaw.org.uk/about-us/gender-pay/?preview_id=194&preview_nonce=b1428eadf5&_thumbnail_id=-1&preview=true","Michelle Hinselwood (Deputy Chief Executive: Resources)","250 to 499","BIRTENSHAW","False","2023/04/05 00:00:00","2022/04/07 09:05:54"
"Bishop Bewick Catholic Education Trust","20836","C/O Sacred Heart Catholic High School, Fenham Hall Drive, Fenham, Newcastle upon Tyne, Tyne & Wear, NE4 9YH","NE4 9YH","","","17.5","33.5","","","0","0","11.2","88.8","17.8","82.2","23.4","76.6","30","70","","","1000 to 4999","Bishop Bewick Catholic Education Trust","False","2023/03/31 00:00:00","2022/06/08 12:08:10"
"BLACK SWAN INTERNATIONAL LIMITED","23","Chiswick House, 3 Christchurch Road, Norwich, Norfolk, England, NR2 2AD, NR2 2AD","NR2 2AD","02621410","87300","10.1","1.0","60.9","0","93.7","98.4","34.3","65.7","0.6","99.4","21.4","78.6","18.3","81.7","https://www.blackswan.co.uk/equality","Tom Lyons (Managing Director)","500 to 999","BLACK SWAN INTERNATIONAL LIMITED","False","2023/04/05 00:00:00","2022/04/05 13:12:25"
"BLAZE SIGNS HOLDINGS LIMITED","2137","Patricia Way, Pysons Road, Broadstairs, Kent, CT10 2XZ","CT10 2XZ","05697917","70100","12.4","4.7","98","98","3","5","70","30","92","8","89","11","80","20","","Louise Mathema (Financial controller)","250 to 499","BLAZE SIGNS HOLDINGS LIMITED","False","2023/04/05 00:00:00","2022/04/29 14:50:54"
"BOWDRAPER LIMITED","2275","Manor Farm Barns, Old Milverton, Leamington Spa, Warwickshire, CV32 6SA","CV32 6SA","01344739","81210","4.4","1.3","81.1","7.1","4.4","4.4","14","86","16","84","26","74","19","81","https://bowdraper.co.uk/reports","Philip Lewis (Managing Director)","250 to 499","BOWDRAPER LIMITED","False","2023/04/05 00:00:00","2022/05/04 15:16:44"
"BRANCASTER CARE HOMES LIMITED","2320","Genesis Centre, Garrett Field Birchwood, Warrington, Cheshire, WA3 7BH","WA3 7BH","05392158","87100","-4.2","-0.7","","","0","100","21.2","78.8","18.0","82.0","19.6","80.4","19.6","80.4","","Alister Cook (Managing Director)","Less than 250","BRANCASTER CARE HOMES LIMITED","False","2023/04/05 00:00:00","2022/05/17 14:38:33"
"Bridge Academy Trust","21442","Community Building, Brian Close, Chelmsford, Essex, CM2 9DZ","CM2 9DZ","","","35.1","57.2","","","0","0","6.2","93.8","11.0","89.0","21.6","78.4","36.1","63.9","https://www.bridgeacademytrust.org/gender-gap-report/","","500 to 999","Bridge Academy Trust","False","2023/03/31 00:00:00","2022/04/13 12:50:32"
"BRISTOL LABORATORIES LIMITED","2417","Unit 3 Canalside, North Bridge Road, Berkhamsted, Hertfordshire, HP4 1EG","HP4 1EG","03393503","46460","20","14","43","33","12","5","35","65","60","40","53","47","75","25","","Yunus Shafi (Finance Controller)","500 to 999","BRISTOL LABORATORIES LIMITED","False","2023/04/05 00:00:00","2022/05/23 12:16:48"
"BURHILL GOLF AND LEISURE LIMITED","649","Burhill, Walton-On-Thames, Surrey, KT12 4BX","KT12 4BX","01497205","93110","12.5","0","54.5","41.2","26.4","22.0","49","51","55","45","57","43","67","33","https://www.bglcompany.co.uk/gender-pay-gap/","James Conlan (CFO)","500 to 999","BURHILL GOLF AND LEISURE LIMITED","False","2023/04/05 00:00:00","2022/06/23 16:28:16"
"BURHILL GROUP LIMITED","625","Burhill, Burwood Road, Walton On Thames, Surrey, KT12 4BX","KT12 4BX","07447067","70100,
93110","12.5","0","54.5","41.2","26.4","22.0","49","51","55","45","57","43","67","33","https://www.bglcompany.co.uk/gender-pay-gap/","James Conlan (CFO)","500 to 999","BURHILL GROUP LIMITED","False","2023/04/05 00:00:00","2022/06/23 16:30:39"
"CEDAR CARE HOMES LIMITED","3006","Mortimer House, Clifton Down Road, Bristol, England, BS8 4AE","BS8 4AE","03585946","87100","-12.6","-5.6","","","0","0","29.7","70.3","34.9","65.1","36.5","63.5","55","45","https://cedarcarehomes.co.uk/gender-pay-gap-2022/","Ganesh Gudka (Chief Finance Officer)","250 to 499","CEDAR CARE HOMES LIMITED","False","2023/04/05 00:00:00","2022/06/06 17:08:58"
"CHARLES PUGH (WINDSCREENS) LIMITED","19402","3rd Floor Central The Quorum,, Bond Street, Bristol, England, BS1 3AE","BS1 3AE","02098007","45200","5.9","5.6","55.4","64.2","91.1","92.1","89.2","10.8","75.7","24.3","93.2","6.8","90.4","9.6","https://www.pughs.co.uk/emploment-opportunities","Vicki Riddell (Finance Director)","250 to 499","CHARLES PUGH (WINDSCREENS) LIMITED","False","2023/04/05 00:00:00","2022/05/19 08:33:31"
"CLARION EVENTS LIMITED","15256","Bedford House, Fulham High Street, London, SW6 3JW","SW6 3JW","00454826","82301","34.3","27.1","55.1","66.6","57.7","57.3","24.7","75.3","41.0","59.0","53.2","46.8","59.2","40.8","","Russell Wilcox (CEO)","250 to 499","CLARION EVENTS LIMITED","False","2023/04/05 00:00:00","2022/05/25 15:11:39"
"CLEARVIEW CLEANING SERVICES (HEREFORD) LIMITED","15076","Suite A4 Skylon Court, Rotherwas, Hereford, United Kingdom, HR2 6JS","HR2 6JS","04128774","81299","2.6","3","","","0","0","20","80","21","79","16","84","38","62","https://www.clearview-cleaning.co.uk","Jane Nowosielska (Director)","250 to 499","CLEARVIEW CLEANING SERVICES (HEREFORD) LIMITED","False","2023/04/05 00:00:00","2022/05/06 17:11:57"
"COLLINS EARTHWORKS LIMITED","19130","Collins Earthworks Limited, Whiteley Road, Ripley, Derbyshire, England, DE5 3QL","DE5 3QL","04083989","43110,
43120,
77320","14.8","22.2","63.9","80.1","94.9","57.1","71.3","28.7","95.3","4.7","98.9","1.1","94.2","5.8","","Jill Goodwin (Commercial Director)","250 to 499","COLLINS EARTHWORKS LIMITED","False","2023/04/05 00:00:00","2022/05/05 13:04:27"
"CONNECTION FLOORING LIMITED","19778","Henson Close Henson Close, South Church Enterprise Park, Bishop Auckland, England, DL14 6WA","DL14 6WA","07924240","46470","11.8","13.3","50.1","32.1","75","25","68","32","74","26","94","6","85","15","","Stuart Phillips (CFO)","250 to 499","CONNECTION FLOORING LIMITED","False","2023/04/05 00:00:00","2022/05/13 12:29:08"
"CORNWALL EDUCATION LEARNING TRUST","9701","Atlantic Centre, Trenance Park, Newquay, Cornwall, England, TR7 2LZ","TR7 2LZ","07565242","85100,
85200,
85310","20.8","41.9","","","0","0","7.5","92.5","24.3","75.7","31","69","33.7","66.3","https://celtrust.org/governance/financials","","1000 to 4999","CORNWALL EDUCATION LEARNING TRUST","False","2023/03/31 00:00:00","2022/05/25 11:26:08"
"CRANMER EDUCATION TRUST","18886","The Blue Coat School, Egerton Street, Oldham, Manchester, OL1 3SQ","OL1 3SQ","07687709","85200,
85310","10.3","9.8","","","0","0","18","82","37","63","29","71","33","67","","Ruth Minton (Finance Manager)","250 to 499","CRANMER EDUCATION TRUST","False","2023/04/05 00:00:00","2022/04/11 12:14:55"
"CREATIVE SUPPORT LIMITED","3701","Creative Support Head Office, Wellington House, 131 Wellington Road South, Stockport, United Kingdom, SK1 3TS","SK1 3TS","IP27440R","","-0.6","0","","","0","0","36","64","14","86","20","80","24","76","https://www.creativesupport.co.uk/gender-pay-gap-2022/","Julie Cooke (Service Director)","1000 to 4999","CREATIVE SUPPORT LIMITED","False","2023/04/05 00:00:00","2022/04/07 13:15:32"
"CROFTWOOD CARE UK LIMITED","18486","238 Station Road, Addlestone, Surrey, United Kingdom, KT15 2PS","KT15 2PS","10721289","87300","5","0.5","","","0","0","1","99","24.2","75.8","5.8","94.2","13.2","86.8","","Kiran Patel (Payroll manager)","1000 to 4999","CROFTWOOD CARE UK LIMITED","False","2023/04/05 00:00:00","2022/04/12 10:52:26"
"Dacorum Borough Council","3867","The Forum, Marlowes, Hemel Hempstead, HP1 1DN","HP1 1DN","","1,
84110","68","32","","","0","0","68","32","40","60","20","80","25","75","","","500 to 999","Dacorum Borough Council","False","2023/03/31 00:00:00","2022/04/14 14:43:50"
"DRAEGER SAFETY UK LTD","4242","Draeger Safety Uk Limited, Ullswater Close, Blyth Riverside Business Park,, Blyth, Northumberland, NE24 4RG","NE24 4RG","00777464","28990,
46690,
74909","16.9","22.4","53.1","28.5","96.6","94.3","67","33","60","40","79","21","85","15","https://www.draeger.com/Library/Content/Gender-Pay-Gap-Report-May-2022.pdf","Tracy Robinson (HR Business Partner)","500 to 999","DRAEGER SAFETY UK LTD","False","2023/04/05 00:00:00","2022/05/31 09:35:00"
"DRAGON SCHOOL TRUST LIMITED","16823","Bardwell Road, Oxford, OX2 6SS","OX2 6SS","00524331","85100,
85200,
85310","13.3","22.3","","","0","0","19.7","80.3","30.3","69.7","22.7","77.3","43.9","56.1","https://dragonschool.app.box.com/file/627028841788?s=gvnnw1bj228xa5dcszswenca18i715mb","Emma Dougall (Head of HR)","250 to 499","DRAGON SCHOOL TRUST LIMITED","False","2023/04/05 00:00:00","2022/04/05 09:17:57"
"DYNEX SEMICONDUCTOR LIMITED","4341","Doddington Road, Lincoln, Lincolnshire, LN6 3LF","LN6 3LF","03824626","26110","23","28","23","0","100","100","62","38","68","32","81","19","87","13","","SU BAILEY (HR DIRECTOR)","250 to 499","DYNEX SEMICONDUCTOR LIMITED","False","2023/04/05 00:00:00","2022/05/11 10:51:01"
"East Devon District Council","4384","Blackdown House, Border Road, Heathpark Industrial Estate, Honiton, United Kingdom, EX14 1EJ","EX14 1EJ","","1,
84110","8.4","0.6","","","0","0","60","40","36","64","35","65","59","41","","","500 to 999","East Devon District Council","False","2023/03/31 00:00:00","2022/06/22 15:15:29"
"East Sussex College Group","20406","Cross Levels Way, Eastbourne, East Sussex, BN21 2UF","BN21 2UF","","","11","18.4","-5.0","-33.3","1.4","0.4","27.1","72.9","29.0","71.0","37.9","62.1","45.9","54.1","https://www.escg.ac.uk","","1000 to 4999","East Sussex College Group","False","2023/03/31 00:00:00","2022/04/27 14:44:12"
"EDEN LEARNING TRUST","19298","Ferryhill Business Enterprise College, Merrington Road, Ferryhill, County Durham, United Kingdom, DL17 8RW","DL17 8RW","10980753","85100,
85200,
85310,
85600","30","66.2","","","0","0","12.8","87.2","20.5","79.5","38.5","61.5","33.3","66.7","","","500 to 999","EDEN LEARNING TRUST","False","2023/03/31 00:00:00","2022/06/20 14:58:37"
"Endeavour MAT","20794","Wilmington Grange, Parsons Lane, Wilmington, Kent, United Kingdom, DA2 7BB","DA2 7BB","","","18.2","19.4","26.1","40","3.2","1.5","21","79","27","73","36","64","50","50","","","250 to 499","Endeavour MAT","False","2023/03/31 00:00:00","2022/06/20 08:32:56"
"EXCEED UMBRELLA LIMITED","18360","Studio 3 Bridge Street Studios, 62 Bridge Street, Manchester, United Kingdom, M3 3BW","M3 3BW","08684204","82990","-2","-2","6","-9","41","48","40","60","46","54","36","64","46","54","https://exceedoutsourcing.co.uk/gender-pay-gap-report/","Barry Mellor (Director)","1000 to 4999","EXCEED UMBRELLA LIMITED","False","2023/04/05 00:00:00","2022/05/20 07:34:34"
"F.HINDS LIMITED","4875","24 Park Road, Uxbridge, Middlesex, UB8 1NH","UB8 1NH","00149328","47789","40.0","14.0","38.8","36.0","91.1","93.4","19.2","80.8","9.6","90.4","11.9","88.1","44.1","55.9","https://www.fhinds.co.uk/about-us/gender-pay-gap","Stephen Cornwall (Finance Director)","500 to 999","F.HINDS LIMITED","False","2023/04/05 00:00:00","2022/05/03 14:06:34"
"FOCUSED CONSULTING LIMITED","5108","Mansion House, Manchester Road, Altrincham, Cheshire, England, WA14 4RW","WA14 4RW","05261541","82990","21","16","","","0","0","55","45","52","48","51","49","75","25","http://focusedumbrella.co.uk/gender-pay-gap-report/","Andrew Cleal (Operations and Service Director)","500 to 999","FOCUSED CONSULTING LIMITED","False","2023/04/05 00:00:00","2022/06/13 11:51:00"
"FORMULA ONE AUTO CENTRES LIMITED","5142","Aston House, Boulton Road, Stevenage, Herts, SG1 4QX","SG1 4QX","01437311","45200","-32","-9.7","59.9","43.0","80.8","20.0","96.4","3.6","95.6","4.4","96.4","3.6","90.9","9.1","https://www.f1autocentres.co.uk/gender-pay-gap","Simon Hughes (Finance Director)","500 to 999","FORMULA ONE AUTO CENTRES LIMITED","False","2023/04/05 00:00:00","2022/06/21 10:12:33"
"Frank Field Education Trust Limited","21472","164 Whitby Road, Ellesmere Port, Cheshire, CH65 6EA","CH65 6EA","","","9.5","0","","","0","0","16.7","83.3","35.9","64.1","25","75","28.9","71.1","","","Less than 250","Frank Field Education Trust Limited","False","2023/03/31 00:00:00","2022/05/12 16:31:11"
"Gedling Borough Council","5425","Civic Centre, Arnot Hill Park, Arnold, Nottingham, Nottinghamshire, United Kingdom, NG5 6LU","NG5 6LU","","1,
84110","3.8","-1.5","18.8","1.8","1.2","0.4","51.2","48.8","50","50","44.6","55.4","49.6","50.4","https://www.gedling.gov.uk/council/aboutus/financeandaccounts/opendata/genderpaygapdata/","","500 to 999","Gedling Borough Council","False","2023/03/31 00:00:00","2022/06/07 11:07:51"
"GIOMA (UK) LIMITED","5508","2 & 3 Threadneedle Walk 60 Threadneedle Street, London, England, EC2R 8HP","EC2R 8HP","02513775","56101","3.7","2.1","68.3","58.2","21.1","27.2","58.1","41.9","65.9","34.1","70.4","29.6","60.8","39.2","https://gauchorestaurants.com/wp-content/uploads/2022/06/Communicating-our-Gender-Pay-Gap-final-v2.pdf","Ross Butler (Managing Director)","500 to 999","GIOMA (UK) LIMITED","False","2023/04/05 00:00:00","2022/06/22 15:56:03"
"GRAVENEY TRUST","5676","Graveney School Welham Road, Tooting, London, SW17 9BU","SW17 9BU","07687897","85200,
85310","9.5","13.3","","","0","0","28.3","71.7","23.9","76.1","39.1","60.9","31.5","68.5","https://graveneytrust.org/Policies/","","250 to 499","GRAVENEY TRUST","False","2023/03/31 00:00:00","2022/05/06 12:27:40"
"GVS FILTER TECHNOLOGY UK LTD","245","Nfc House Vickers Industrial Estate, Mellishaw Lane, Morecambe, Lancashire, LA3 3EN","LA3 3EN","02647901","32990","17.2","6.0","24.6","0.2","95.6","93.1","50.9","49.1","50.9","49.1","74.5","25.5","72.2","27.8","https://static.gvs.com/quality-assurance-certificate/attachment/202204281014-b8ea012bff712fed/Gender-Pay-Gap-Report-2022---Statement.pdf","Paulo Raquel (Managing Director)","Less than 250","GVS FILTER TECHNOLOGY UK LTD","False","2023/04/05 00:00:00","2022/04/28 11:43:22"
"Harlow College","15331","Velizy Avenue, Harlow, United Kingdom, CM20 3EZ","CM20 3EZ","","1,
85310","4.1","11","","","0","0","25","75","36","64","38","62","53","47","https://www.harlow-college.ac.uk/images/harlow_college/about-us/policies/GPG_Narrative_for_31_3_22.pdf","","250 to 499","Harlow College","False","2023/03/31 00:00:00","2022/06/22 10:20:35"
"HCAT","19426","Hcat, Unit 7 Dodworth Business Park, Dodworth, Barnsley, England, S75 3SP","S75 3SP","08654591","85200","25.1","34.9","","","0","0","4","96","16","84","21","79","26","74","https://www.hcacademytrust.education/?page_id=1142","Victoria Harrison (COO)","500 to 999","HCAT","False","2023/04/05 00:00:00","2022/04/13 15:01:07"
"Health Research Authority","18011","2 Redman Place, Stratford, London, E20 1JQ","E20 1JQ","","1,
84110","6.0","9.7","","","0","0","27.5","72.5","26.2","73.8","21.3","78.7","32.9","67.1","","","250 to 499","Health Research Authority","False","2023/03/31 00:00:00","2022/05/04 15:23:55"
"HEART OF MERCIA","19736","Hereford Sixth Form College, Folly Lane, Hereford, Herefordshire, United Kingdom, HR1 1LU","HR1 1LU","10499174","85410,
85590","17","38","","","0","0","23","77","24","76","42","58","37","63","https://www.heartofmercia.org.uk/pay-policy/75.html","","500 to 999","HEART OF MERCIA","False","2023/03/31 00:00:00","2022/06/17 12:13:18"
"HISP MULTI ACADEMY TRUST LTD","15122","Winchester Road, Chandler's Ford, Eastleigh, Hampshire, SO53 2DW","SO53 2DW","07562918","85200,
85310","15","29","","","0","0.5","15","85","18","82","28","72","28","72","https://www.hispmat.org/_site/data/files/users/4/files/key-information/8F54A61D429F551A9CB691C5201AFDDB.pdf","Suzanne Whelan (CEO)","250 to 499","HISP MULTI ACADEMY TRUST LTD","False","2023/04/05 00:00:00","2022/04/11 17:21:39"
"HORNCASTLE EDUCATION TRUST","19177","Queen Elizabeth's Grammar School, West Street, Horncastle, Lincolnshire, LN9 5AD","LN9 5AD","08175402","85200,
85310","22","36","","","0","0","14","86","25","75","22","78","41","59","https://www.horncastleeducationtrust.org/Information/Reports/","","250 to 499","HORNCASTLE EDUCATION TRUST","False","2023/03/31 00:00:00","2022/06/22 07:21:16"
"Humberside Police","6394","Humberside Police Headquarters, Priory Road, Hull, HU5 5SF","HU5 5SF","","1,
84240","12.5","12.8","","","0","0","40.4","59.6","51.2","48.8","47.6","52.4","66.6","33.4","https://www.humberside.police.uk/gender-pay-gap","","1000 to 4999","Humberside Police","False","2023/03/31 00:00:00","2022/06/23 08:49:59"
"INSPIRE PARTNERSHIP MULTI ACADEMY TRUST","19587","Maypole Centre, High Street, Ossett, England, WF5 9QP","WF5 9QP","07805262","85200","26.9","52.8","","","0","0","4","96","5","95","6","94","14","86","https://ipmat.co.uk","","250 to 499","INSPIRE PARTNERSHIP MULTI ACADEMY TRUST","False","2023/03/31 00:00:00","2022/05/25 10:42:12"
"INTELLIGENT WORKPLACE SOLUTIONS LTD","17647","40a Station Road, Twyford, Reading, Berkshire, RG10 9NT","RG10 9NT","03737792","81100,
81210,
81221,
81222","10.9","0","-65.5","60.6","3.1","4.4","30","70","31","69","19","81","38.4","61.6","https://www.workplace.co.uk/_files/ugd/1b6062_cf97edf7012e45ac820692d666aabcf4.pdf","Rebecca Meeuwissen (Process Improvement Lead)","250 to 499","INTELLIGENT WORKPLACE SOLUTIONS LTD","False","2023/04/05 00:00:00","2022/05/23 12:58:34"
"JACOBS & TURNER LIMITED","6886","Vermont House, 149 Vermont Street, Kinning Park, Glasgow, G41 1LU","G41 1LU","SC047678","46420,
47710","6.6","0","84.6","36.6","0.7","0.1","58","42","58","42","48","52","44","56","https://www.trespass.com/corporate-responsibility#:~:text=Gender%20Pay%20Gap%20Report&text=Trespass%20has%20a%20mean%20gender,employees%20are%20on%20bonus%20schemes.","Graham Hancock (Operations Manager)","1000 to 4999","JACOBS & TURNER LIMITED","False","2023/04/05 00:00:00","2022/06/15 14:44:46"
"JDM FOOD GROUP LIMITED","6948","Monument Road Monument Road, Bicker, Boston, England, PE20 3DJ","PE20 3DJ","03826975","10890","13.3","1.8","-67.1","15.0","15.8","11.5","42.3","57.7","66.7","33.3","65.6","34.4","62.5","37.5","https://www.jdmfoodgroup.co.uk/gender-pay-gap-report/","David Hoult (CFO)","250 to 499","JDM FOOD GROUP LIMITED","False","2023/04/05 00:00:00","2022/06/14 13:02:36"
"JOBANDTALENT WORKS LTD","20378","12 New Fetter Lane, London, United Kingdom, EC4A 1JP","EC4A 1JP","10123783","78109","13.9","6.3","12.8","96.1","30.3","22.2","48.8","51.2","63.4","36.6","64.7","35.3","79.9","20.1","","Joanna Komanowska (Compliance Manager)","1000 to 4999","JOBANDTALENT WORKS LTD","False","2023/04/05 00:00:00","2022/05/17 12:43:05"
"KISIMUL GROUP LIMITED","7319","The Old Vicarage High Street, Swinderby, Lincoln, LN6 9LU","LN6 9LU","03630117","85590","1.3","8.2","","","0","0.2","34.7","65.3","28.4","71.6","49.5","50.5","38.6","61.4","https://www.kisimul.co.uk/uploads/gender-pay-gap-report.pdf","Carl Olpin (Group Payroll Manager)","500 to 999","KISIMUL GROUP LIMITED","False","2023/04/05 00:00:00","2022/05/04 15:07:33"
"KONECRANES DEMAG UK LIMITED","7358","Unit 1 Charter Point, Coalfield Way,, Ashby Business Park, Ashby De La Zouch, Leicestershire, England, LE65 1NF","LE65 1NF","00969869","28220,
33200","22.1","26.4","7.7","-186.1","82.3","91.1","58","42","90.3","9.7","95.7","4.3","87.1","12.9","","Richard Beats (UK Payroll Manager)","250 to 499","KONECRANES DEMAG UK LIMITED","False","2023/04/05 00:00:00","2022/06/23 12:25:20"
"LIBRA TEXTILES LIMITED","7620","Boundary Mill Stores Head Office, Vivary Way, Colne, Lancashire, BB8 9NW","BB8 9NW","01000964","47510,
47710,
47721","7.8","0","","","0","0","23","77","16.9","83.1","21.3","78.7","35.2","64.8","","Robert Mitchell (Finance Director)","500 to 999","LIBRA TEXTILES LIMITED","False","2023/04/05 00:00:00","2022/04/28 14:13:33"
"MAMA BEAR'S DAY NURSERY LTD","8035","1st Floor, 60-62 High Street, Hanham, Bristol, South Glos, BS15 3DR","BS15 3DR","04546256","88910","25.5","1.7","","","0","9.4","2","98","3.9","96.1","2.9","97.1","7.8","92.2","https://mamabear.co.uk/mama-bears-gender-pay-gap-report","Anthony Driffield (Director)","250 to 499","MAMA BEAR'S DAY NURSERY LTD","False","2023/04/05 00:00:00","2022/04/12 15:49:29"
"MANOR HOUSE HOTEL (OKEHAMPTON) LIMITED","8064","The Manor House Hotel, Fowley Down, Okehampton, Devon, EX20 4NA","EX20 4NA","01883684","55100","13","12","","","0","0","48","52","36","64","60","40","74","26","","Michael Armstrong (Director)","250 to 499","MANOR HOUSE HOTEL (OKEHAMPTON) LIMITED","False","2023/04/05 00:00:00","2022/05/17 11:26:12"
"MCMANUS MANAGED PUB CO. LIMITED","18172","Barratts Club, Kingsthorpe Road, Northampton, Northamptonshire, NN2 6HT","NN2 6HT","04080189","56302","16","2","-7","-15","16","4","31","69","24","76","38","62","53","47","https://www.mcmanuspub.co.uk/careers/","Christopher Wright (Finance Director)","250 to 499","MCMANUS MANAGED PUB CO. LIMITED","False","2023/04/05 00:00:00","2022/04/12 16:49:38"
"MCPHILLIPS (WELLINGTON) LIMITED","8264","Horton House, Hortonwood 50, Telford, Shropshire, TF1 7FG","TF1 7FG","00832117","42990","9.3","14.7","-132.1","-338.6","100","100","98.8","1.2","98.1","1.9","100.0","0.0","99.2","0.8","","David Wauchope (Company Secretary)","250 to 499","MCPHILLIPS (WELLINGTON) LIMITED","False","2023/04/05 00:00:00","2022/05/30 14:34:28"
"MEDVIVO GROUP LIMITED","16632","Fox Talbot House, Bellinger Close, Chippenham, Wiltshire, England, SN15 1BN","SN15 1BN","05146354","86900","-5.2","-16.1","8.1","-5.4","43","58","34","66","38","62","21","79","28","72","","Paul Rouemaine (HRIS Manager)","250 to 499","MEDVIVO GROUP LIMITED","False","2023/04/05 00:00:00","2022/05/24 12:07:43"
"MTL ADVANCED LTD","18665","Britannia House, Junction Street, Darwen, Lancashire, BB3 2RB","BB3 2RB","07712250","25110","12.1","25.7","52.2","-70.0","85","93.3","88.9","11.1","96.8","3.2","98.4","1.6","96.8","3.2","","Keith Jenner (Finance Manager)","250 to 499","MTL ADVANCED LTD","False","2023/04/05 00:00:00","2022/06/09 14:42:34"
"NACRO","8770","Walkden House, 16-17 Devonshire Square, London, England, EC2M 4SQ","EC2M 4SQ","00203583","68201,
85600,
88990","9.9","5.3","","","0","0","32","68","32","68","31","69","32","68","https://www.nacro.org.uk/","Andrew Hodges (Director of Finance and Corporate Services)","500 to 999","NACRO","False","2023/04/05 00:00:00","2022/05/05 13:37:09"
"Newport City Council","16644","Civic Centre, Newport, NP20 4UR","NP20 4UR","","1,
84110","0.6","-0.4","","","0","0","30","70","31","69","29","71","31","69","https://www.newport.gov.uk/en/Council-Democracy/Transparency/Transparency.aspx?adlt=strict","","1000 to 4999","Newport City Council","False","2023/03/31 00:00:00","2022/05/30 15:56:59"
"NOTTINGHAM ICE CENTRE LIMITED","9176","National Ice Centre, Bolero Square, Nottingham, NG1 1LA","NG1 1LA","03563341","93290","-9.2","-5.8","51.3","26.7","53","47","28.7","71.3","36.1","63.9","45.7","54.3","54.1","45.9","","Karen Terrington (Head of HR)","1000 to 4999","NOTTINGHAM ICE CENTRE LIMITED","False","2023/04/05 00:00:00","2022/06/07 12:20:14"
"NRL PAY LTD","20693","Wynyard Park House, Wynyard Avenue, Wynyard, England, TS22 5TB","TS22 5TB","12008548","78300","27.3","31.8","27.2","-5.3","16.3","4","71.1","28.9","91.5","8.5","92","8","92.5","7.5","","Maurice Cohen (Director)","500 to 999","NRL PAY LTD","False","2023/04/05 00:00:00","2022/04/05 09:49:31"
"ORBITAL UMBRELLA LIMITED","9420","Digital Media Centre, County Way, Barnsley, South Yorkshire, S70 2JW","S70 2JW","07427816","82110","-2.4","26.9","","","0","0","94.8","5.2","92.8","7.2","89.2","10.8","82.6","17.4","http://orbitalservices.co.uk","Hayley Darby (Payroll Manager)","1000 to 4999","ORBITAL UMBRELLA LIMITED","False","2023/04/05 00:00:00","2022/05/23 12:02:10"
"OUTCOMES FIRST MIDCO LIMITED","9453","Atria, Spa Road, Bolton, England, BL1 4AG","BL1 4AG","08516295","82990","3.5","0.5","47.6","60.2","7.7","8.9","28","72","28","72","31","69","28","72","https://www.outcomesfirstgroup.co.uk/wp-content/uploads/2022/06/OFG-Gender-Pay-Gap-Report-2021-2022-Final-.pdf","David Leatherbarrow (Chief Executive Officer)","1000 to 4999","OUTCOMES FIRST MIDCO LIMITED","False","2023/04/05 00:00:00","2022/06/01 10:20:14"
"PAYSTREAM MY MAX 2 LIMITED","9645","Mansion House, Manchester Road, Altrincham, Cheshire, WA14 4RW","WA14 4RW","06451955","78200","-12","-72","","","0","0","89","11","80","20","70","30","78","22","https://www.paystream.co.uk/media/3986/gender-pay-gap-report-2022.pdf","Andrew Cleal (Operations and Service Director)","1000 to 4999","PAYSTREAM MY MAX 2 LIMITED","False","2023/04/05 00:00:00","2022/06/13 11:52:45"
"PAYSTREAM MY MAX 3 LIMITED","9646","Mansion House, Manchester Road, Altrincham, Cheshire, WA14 4RW","WA14 4RW","07708464","78200","12","19","","","0","0","63","37","72","28","80","20","80","20","https://www.paystream.co.uk/media/3986/gender-pay-gap-report-2022.pdf","Andrew Cleal (Operations and Service Director)","5000 to 19,999","PAYSTREAM MY MAX 3 LIMITED","False","2023/04/05 00:00:00","2022/06/13 11:54:20"
"PAYSTREAM MY MAX LIMITED","9648","Mansion House, Manchester Road, Altrincham, Greater Manchester, WA14 4RW","WA14 4RW","06042225","78200","17","21","","","0","0","72","28","69","31","77","23","80","20","https://www.paystream.co.uk/media/3986/gender-pay-gap-report-2022.pdf","Andrew Cleal (Operations and Service Director)","5000 to 19,999","PAYSTREAM MY MAX LIMITED","False","2023/04/05 00:00:00","2022/06/13 11:56:55"
"Peterborough Limited","21466","Town Hall, Bridge Street, Peterborough, Cambridgeshire, PE1 1HF","PE1 1HF","","","-2","1","-145","-69.6","13.5","4","56.4","43.6","55.2","44.8","66.7","33.3","51.5","48.5","","","500 to 999","Peterborough Limited","False","2023/03/31 00:00:00","2022/05/03 14:39:23"
"PILGRIMS' FRIEND SOCIETY","18004","175 Tower Bridge Road, London, SE1 2AL","SE1 2AL","03027071","87300,
88100","18","12.6","","","0","0","7.4","92.6","13.2","86.8","14.2","85.8","31.9","68.1","https://www.pilgrimsfriend.org.uk/site-info/our-policies","Phil Wainwright (Senior HR Manager)","500 to 999","PILGRIMS' FRIEND SOCIETY","False","2023/04/05 00:00:00","2022/05/04 11:42:09"
"PLUS DANE HOUSING LIMITED","16015","13-15 Rodney Street, Liverpool, L1 9EF","L1 9EF","IP031012","","1.4","0.8","","","0","0","48.5","51.5","68.4","31.6","58.3","41.7","61.7","38.3","https://www.plusdane.co.uk/about-plus-dane/our-performance/","Amy Causley (Director of People)","500 to 999","PLUS DANE HOUSING LIMITED","False","2023/04/05 00:00:00","2022/06/16 11:44:08"
"PLYMOUTH ARGYLE FOOTBALL CLUB LIMITED","21479","Home Park, Plymouth, Devon, PL2 3DQ","PL2 3DQ","07796376","93120","53","5","100","100","21","0","39","61","52","48","54","46","87","13","https://www.pafc.co.uk/club/company-information","KATRINA MORTIMORE (ACCOUNTANT/PAYROLL ADMINISTRATOR)","250 to 499","PLYMOUTH ARGYLE FOOTBALL CLUB LIMITED","False","2023/04/05 00:00:00","2022/06/14 12:01:12"
"PORT OF LONDON AUTHORITY LIMITED","16420","London River House, Royal Pier Road, Gravesend, Kent, DA12 2BG","DA12 2BG","02515148","50200","29.7","33.6","10","0","96.8","91.2","52.5","47.5","78.4","21.6","86.3","13.7","93.1","6.9","https://www.pla.co.uk","Glenn Witham (Director of HR)","250 to 499","PORT OF LONDON AUTHORITY LIMITED","False","2023/04/05 00:00:00","2022/04/05 09:49:00"
"PRO - DIRECT GROUP LIMITED","10058","PRO-DIRECT SPORT LIMITED, Torre House, Shaldon Road, Newton Abbot, Devon, TQ12 4PQ","TQ12 4PQ","06646626","70100","20","5","68","51","11.4","3.6","63.5","36.5","62.7","37.3","59.8","40.2","81.7","18.3","https://www.prodirectcareers.com/","Peter Hammond (Finance and Operations Director)","250 to 499","PRO - DIRECT GROUP LIMITED","False","2023/04/05 00:00:00","2022/06/15 14:38:32"
"PROPELLER PAY LIMITED","21480","First Floor, Braebourne House Woodlands, Bradley Stoke, Bristol, England, BS32 4JT","BS32 4JT","11845554","78200","15.9","14.6","","","0","0","60","40","83.1","16.9","83.1","16.9","88.1","11.9","https://propellerpay.co.uk/","Laura Talbot (Payroll Manager)","250 to 499","PROPELLER PAY LIMITED","False","2023/04/05 00:00:00","2022/05/18 10:19:05"
"RAMSDENS FINANCIAL LIMITED","45","Unit 16 Parkway Centre, Coulby Newham, Middlesbrough, Cleveland, TS8 0TJ","TS8 0TJ","03045495","64999","22.2","7.3","2","-18.2","57.6","77.3","18.7","81.3","10.3","89.7","16.1","83.9","41.7","58.3","","Peter Kenyon (CEO)","500 to 999","RAMSDENS FINANCIAL LIMITED","False","2023/04/05 00:00:00","2022/06/20 15:08:14"
"REBELLION GROUP LTD","21449","Riverside House, Osney Mead, Oxford, Oxfordshire, United Kingdom, OX2 0ES","OX2 0ES","11432845","70100","21.5","20","","","0","0","76","24","80","20","86","14","87","13","","Kirsty Moore (Head of People & Talent)","250 to 499","REBELLION GROUP LTD","False","2023/04/05 00:00:00","2022/05/09 14:51:33"
"Registers of Scotland","73","Meadowbank House, 153 London Road, Edinburgh, EH8 7AU","EH8 7AU","","1","0.7","0","","","0","0","50","50","50.2","49.8","47.3","52.7","50.3","49.7","","","1000 to 4999","Registers of Scotland","False","2023/03/31 00:00:00","2022/04/22 08:16:52"
"RELATE","19072","Premier House, Carolina Court, Lakeside, Doncaster, South Yorkshire, DN4 5RA","DN4 5RA","00394221","85590,
86900,
88990","20.3","11","","","0","0","2.7","97.3","9.3","90.7","13.3","86.7","13.5","86.5","","Aidan Jones (Chief Executive Officer)","250 to 499","RELATE","False","2023/04/05 00:00:00","2022/04/07 09:19:15"
"RENAULT RETAIL GROUP UK LIMITED","10393","Renault Staples Corner, North Circular Road, London, England, NW2 1LY","NW2 1LY","02304689","45111","25","23","49","55","64","48","68","32","69","31","87","13","91","9","","Rachel Manley (HR Director)","500 to 999","RENAULT RETAIL GROUP UK LIMITED","False","2023/04/05 00:00:00","2022/05/31 12:29:00"
"RICH PRODUCTS LIMITED","10471","Unit 5 Pioneer Road, Andover Business Park, Andover, England, SP11 8EZ","SP11 8EZ","01847615","10710","-9.4","0","-13.7","0","95","94.6","58","42","55","45","64","36","52","48","","Maxine Brooks (HRIS, payroll and Reward Manager)","Less than 250","RICH PRODUCTS LIMITED","False","2023/04/05 00:00:00","2022/06/20 10:51:41"
"ROYAL MENCAP SOCIETY","10662","6 Cyrus Way, Hampton, Peterborough, England, PE7 8HP","PE7 8HP","00550457","87200","5.9","0","","","0","0","20","80","22","78","22","78","28","72","https://royalmencapsociety-my.sharepoint.com/personal/lorraine_robinson_mencap_org_uk/Documents/Head%20of%20EDI/Pay%20Gap/GEnder%20pay%20gap%202022-23.docx","Lorraine Robinson (Head of Equity, Diversity and Inclusion)","5000 to 19,999","ROYAL MENCAP SOCIETY","False","2023/04/05 00:00:00","2022/04/05 11:12:48"
"SFAET LTD","21306","c/o The Royal Liberty School, Upper Brentwood Road, Romford, Essex, RM2 6HJ, RM2 6HJ","RM2 6HJ","","","13.9","24.9","","","0","0","16.4","83.6","26.0","74","23.3","76.7","35.6","64.4","","","250 to 499","SFAET LTD","False","2023/03/31 00:00:00","2022/04/29 13:29:57"
"Solent Nhs Trust","11318","Western Community Hospital, William Macleod Way, Southampton, Hampshire, United Kingdom, SO16 4XE","SO16 4XE","","1,
86210","11.8","0.5","5.1","0","3","1.1","11.2","88.8","15.6","84.4","9.9","90.1","17.9","82.1","","","1000 to 4999","Solent Nhs Trust","False","2023/03/31 00:00:00","2022/06/24 12:56:08"
"South Tyneside and Sunderland NHS Foundation Trust","20267","Sunderland Royal Hospital, Kayll Road, Sunderland, SR4 7TP, Sunderland, SR47TP","SR47TP","","","31.7","11.7","34.5","0","17.9","1.3","14.5","85.5","13.8","86.2","13.0","87","27.9","72.1","https://www.stsft.nhs.uk/about-us/equality-diversity-and-inclusion","","5000 to 19,999","South Tyneside and Sunderland NHS Foundation Trust","False","2023/03/31 00:00:00","2022/03/31 17:11:19"
"ST CUTHBERT'S CARE","360","St Cuthbert's House, West Road, Newcastle Upon Tyne, England, NE15 7PY","NE15 7PY","01645917","87100,
87200,
87900,
88990","5.5","5.8","","","0","0","6","94","11","89","30","70","20","80","","Nicholas Gilbert (Director of Finance & IT)","250 to 499","ST CUTHBERT'S CARE","False","2023/04/05 00:00:00","2022/05/30 12:06:20"
"ST CUTHBERT'S ROMAN CATHOLIC ACADEMY TRUST","16786","St Mary's College, Cranbrook Avenue, Hull, East Riding Of Yorkshire, England, HU6 7TN","HU6 7TN","09023802","85200,
85310","15.3","14.9","","","0","0","14.5","85.5","16","84","17.6","82.4","31.3","68.7","","","500 to 999","ST CUTHBERT'S ROMAN CATHOLIC ACADEMY TRUST","False","2023/03/31 00:00:00","2022/06/14 12:04:10"
"ST MARY'S SCHOOL ASCOT","15717","St Marys School Ascot, St Marys, Road, Ascot, Berkshire, SL5 9JF","SL5 9JF","01844327","85310","8.1","8.8","","","0","0","24.2","75.8","20.9","79.1","28.8","71.2","28.4","71.6","https://www.st-marys-ascot.co.uk/gender-pay-gap-report-2017/","Ian McShee (Finance Manager)","250 to 499","ST MARY'S SCHOOL ASCOT","False","2023/04/05 00:00:00","2022/06/01 13:03:14"
"STAR OUTICO LIMITED","20770","11 Davy Court, Castle Mound Way, Central Park, Rugby, Warwickshire, United Kingdom, CV23 0UZ","CV23 0UZ","05770769","78109","-3.2","-23.9","10.8","38.6","45","51","46","54","63.5","36.5","42.3","57.7","38.8","61.2","","Marie Entwistle (HR Business Partner)","1000 to 4999","STAR OUTICO LIMITED","False","2023/04/05 00:00:00","2022/04/05 15:52:45"
"STOELZLE FLACONNAGE LIMITED","79","Weeland Road, Knottingley, West Yorkshire, WF11 8AP","WF11 8AP","02973822","23130","16","12","38.7","14","8","11","63","37","78","22","87","13","89","11","https://www.stoelzle.com/stf/","Richard Taylor (HR Manager)","250 to 499","STOELZLE FLACONNAGE LIMITED","False","2023/04/05 00:00:00","2022/04/05 08:33:27"
"STOUR VALE ACADEMY TRUST","18538","C/O Halesowen College, Whittingham Road, Halesowen, West Midlands, England, B63 3NA","B63 3NA","07865663","85200,
85310","21.7","31.5","","","0","0","10.3","89.7","20.6","79.4","23.4","76.6","34.3","65.7","https://www.svat.org.uk/","","500 to 999","STOUR VALE ACADEMY TRUST","False","2023/03/31 00:00:00","2022/04/01 15:45:20"
"SUFFOLK MIND","19765","26 High Road West, Felixstowe, England, IP11 9JB","IP11 9JB","02611510","86900,
87900","9.2","6.8","13.5","17","70","89","12.5","87.5","24","76","20","80","20","80","","Rachel Baker (Management Accountant)","Less than 250","SUFFOLK MIND","False","2023/04/05 00:00:00","2022/06/13 16:31:41"
"SUN CHEMICAL LIMITED","11805","3 High View Road, South Normanton, Derbyshire, DE55 2DT","DE55 2DT","02647054","20301,
20302,
82990","13.4","4.1","42.5","29.8","31.6","27.3","83.2","16.8","81.9","18.1","82.6","17.4","76.8","23.2","https://www.sunchemical.com/regions/europe/gender-pay-gap-sun-chemical-uk/","ANNETTE KERWIN (Head Of HR)","500 to 999","SUN CHEMICAL LIMITED","False","2023/04/05 00:00:00","2022/06/24 16:14:09"
"Surrey & Sussex Healthcare N H S Trust","11832","Canada Avenue, Redhill, Surrey, RH1 5RH","RH1 5RH","","1,
86210","17.5","3.7","41.0","33.3","4.5","0.7","24.0","76.0","25.9","74.1","19.8","80.2","33.4","66.6","https://www.surreyandsussex.nhs.uk/application/files/9016/4846/2111/4.5_Gender_pay_gap_report_2021_V4.pdf","","1000 to 4999","Surrey & Sussex Healthcare N H S Trust","False","2023/03/31 00:00:00","2022/03/31 13:09:31"
"TEACH FIRST","12059","6 Mitre Passage, Greenwich Peninsula, London, England, SE10 0ER","SE10 0ER","04478840","85600","4.8","0","","","0","0","26.2","73.8","24.1","75.9","21.8","78.2","28.7","71.3","","Jay Nash (Director of Human Resources)","500 to 999","TEACH FIRST","False","2023/04/05 00:00:00","2022/06/13 14:23:31"
"THE CAKE CREW LIMITED","19163","Units 11-12 Enterprise Park, Bala, Gwynedd, LL23 7NL","LL23 7NL","07738348","10720","3","1.8","7","0","65","35","56","44","38","62","51","49","82","18","","TERRI ROBERTS (HR MANAGER)","250 to 499","THE CAKE CREW LIMITED","False","2023/04/05 00:00:00","2022/04/07 16:36:55"
"THE CELTIC MANOR RESORT LIMITED","324","Coldra Woods, Newport, Gwent, NP18 1HQ","NP18 1HQ","08428620","55100","16.2","1.9","84.2","91","13.9","16.7","37.9","62.1","33.8","66.2","55.4","44.6","63.9","36.1","https://www.celtic-manor.com","Ian Edwards (Chief Executive Officer)","500 to 999","THE CELTIC MANOR RESORT LIMITED","False","2023/04/05 00:00:00","2022/04/21 14:56:37"
"THE FARM POST PRODUCTION LIMITED","12358","William Blake House, 8, Marshall Street, London, England, W1F 7EJ","W1F 7EJ","03569821","59120","24.1","25.0","35.8","37.0","15.6","14.8","60.6","39.4","63.0","37.0","77.2","22.8","84.1","15.9","","Seamus MacCormaic (Executive Vice President, MD, UK)","500 to 999","THE FARM POST PRODUCTION LIMITED","False","2023/04/05 00:00:00","2022/06/10 12:09:57"
"THE HIGH SCHOOL OF GLASGOW","20135","637 Crow Road, Glasgow, G13 1PL","G13 1PL","SC045882","85100,
85200,
85310","16.2","0.0","-10","-20","3.0","2.4","18.8","81.2","25","75","27.1","72.9","38.3","61.7","","Aileen Sweeney (HR Manager)","Less than 250","THE HIGH SCHOOL OF GLASGOW","False","2023/04/05 00:00:00","2022/04/28 11:21:20"
"The Jo Richardson Community School","15432","Castle Green, Gale Street, Dagenham, Essex, RM9 4UN","RM9 4UN","","1,
85310","-1.5","-5.7","","","0","0","24.6","75.4","32.8","67.2","24.1","75.9","24.1","75.9","https://jorichardson.org.uk/wp-content/uploads/2022/05/gender-pay-gap-report-Mar-22.pdf","","Less than 250","The Jo Richardson Community School","False","2023/03/31 00:00:00","2022/05/18 11:07:45"
"The Newcastle Upon Tyne Hospitals Nhs Foundation Trust","12483","Headquarters, Freeman Hospital, Newcastle-Upon-Tyne, Tyne And Wear, United Kingdom, NE7 7DN","NE7 7DN","","1,
86210","20.6","5.0","63.9","75.8","6.1","1.1","24","76","19","81","17","83","31","69","https://www.newcastle-hospitals.nhs.uk/about/trust/equality-diversity-and-inclusion/gender-pay-reporting/","","5000 to 19,999","The Newcastle Upon Tyne Hospitals Nhs Foundation Trust","False","2023/03/31 00:00:00","2022/04/01 09:29:07"
"THE OUTWARD BOUND TRUST","581","Hackthorpe Hall, Hackthorpe, Penrith, Cumbria, CA10 2HX","CA10 2HX","06748835","85310","2.1","5.1","-40","-16","9.3","13","61","39","61","39","78","22","55","45","","Phillipa Morley (Head of HR)","250 to 499","THE OUTWARD BOUND TRUST","False","2023/04/05 00:00:00","2022/06/22 13:39:44"
"THE SHEILING SPECIAL EDUCATION TRUST","17394","Central Office Horton Road, Ringwood, Hampshire, BH24 2EB","BH24 2EB","08116370","85590","3.7","-0.7","","","0","0","24","76","15","85","14","86","17","83","","Keira Gascoigne (Finance Manager)","250 to 499","THE SHEILING SPECIAL EDUCATION TRUST","False","2023/04/05 00:00:00","2022/05/05 13:18:36"
"THE SYMPHONY GROUP PLC","12600","Pen Hill Estate, Park Spring Road, Barnsley, South Yorkshire, S72 7EZ","S72 7EZ","01022506","31020","20.4","37","34.9","-15.4","34.3","40.7","53.5","46.5","71.6","28.4","80.1","19.9","82.2","17.8","https://www.symphony-group.co.uk/about/gender-pay-gap-reporting-statement/","Richard Bunton (Managing Director)","1000 to 4999","THE SYMPHONY GROUP PLC","False","2023/04/05 00:00:00","2022/06/07 13:36:08"
"THWAITES ENGINEERING CO LIMITED","21483","Welsh Road, Cubbington, Leamington Spa, Warwickshire, CV32 7NQ","CV32 7NQ","01569491","","5","8.5","19.1","0","87.9","100","93","7","95","5","98","2","92","8","","Simon Hill (Managing Director)","250 to 499","THWAITES ENGINEERING CO LIMITED","False","2023/04/05 00:00:00","2022/05/23 10:21:33"
"THWAITES LIMITED","21487","Welsh Road, Cubbington, Leamington Spa, Warwickshire, CV32 7NQ","CV32 7NQ","00387579","28220","5","8.5","19.1","0","87.9","100","93","7","95","5","98","2","92","8","https://thwaitesdumpers.co.uk/company/policies/gender-pay-report/","Simon Hill (Managing Director)","250 to 499","THWAITES LIMITED","False","2023/04/05 00:00:00","2022/05/27 08:51:00"
"TILDA LIMITED","17835","Coldharbour Lane, Rainham, Essex, RM13 9YQ","RM13 9YQ","00990202","10611","12.6","6.9","11.4","1","95.4","91","56.7","43.3","73.3","26.7","81.7","18.3","71.7","28.3","","Jean-Philippe Laborde (Managing Director)","250 to 499","TILDA LIMITED","False","2023/04/05 00:00:00","2022/04/05 21:01:12"
"UK-NSI CO. LIMITED","13081","Merse Road North Moons Moat, Redditch, Worcestershire, B98 9HL","B98 9HL","02141243","29320","19.2","12","","","0","0","30","70","66","34","83","17","82","18","https://www.uk-nsi.co.uk/","Victoria Powles (HR Operations Manager)","Less than 250","UK-NSI CO. LIMITED","False","2023/04/05 00:00:00","2022/04/21 11:56:48"
"University of the Arts, London","192","272 High Holborn, London, London, United Kingdom, WC1V 7EY","WC1V 7EY","","1,
85421","0.0","2.4","","","0","0","36.4","63.6","40","60","43.8","56.2","38.9","61.1","https://www.arts.ac.uk/about-ual/public-information/equality-objectives-and-reports","","5000 to 19,999","University of the Arts, London","False","2023/03/31 00:00:00","2022/04/25 14:51:18"
"VENTRICA LTD","17545","4th Floor Tylers House, Tylers Avenue, Southend-On-Sea, Essex, SS1 2BB","SS1 2BB","06908560","82200","18.1","0","59.3","28.9","3","1.7","30.5","69.5","30.7","69.3","41.4","58.6","42.3","57.7","","Stephen West (Chief Operating Officer)","500 to 999","VENTRICA LTD","False","2023/04/05 00:00:00","2022/04/06 13:01:37"
"W. LIDDY & COMPANY LIMITED","13424","Unit 28 Apex Business Village, Cramlington, Northumberland, NE23 7BF","NE23 7BF","02860364","56102","7.2","0.3","2.5","2.9","12.8","10.6","58.1","41.9","48.9","51.1","58","42","54.6","45.4","","SARA DAVIS (PAYROLL MANAGER)","500 to 999","W. LIDDY & COMPANY LIMITED","False","2023/04/05 00:00:00","2022/05/10 10:52:44"
"WELLS CATHEDRAL SCHOOL, LIMITED","13591","The Bursary, Wells Cathedral School, College Road, Wells, Somerset, BA5 2SX","BA5 2SX","00564883","85100,
85200,
85310,
85520","30","57","","","0","0","16","84","27","73","37","63","42","58","","Bethan Drake (PA to the Bursar)","250 to 499","WELLS CATHEDRAL SCHOOL, LIMITED","False","2023/04/05 00:00:00","2022/05/17 11:24:01"
"WESSEX EAGLE LIMITED","15245","Eagle Plant, Beeching Close, Chard, Somerset, TA20 1BB","TA20 1BB","01540286","77320","10.8","9.2","30.7","31.8","78","88","91","9","91","9","98","2","94","6","","Gary Parfoot (Director)","250 to 499","WESSEX EAGLE LIMITED","False","2023/04/05 00:00:00","2022/04/08 14:37:21"
"YOUR HOMES NEWCASTLE LIMITED","14040","Civic Centre, Barras Bridge, Newcastle Upon Tyne, Tyne & Wear, NE1 8PR","NE1 8PR","05076256","68201","-3.7","-11.4","","","0","0","57.9","42.1","38.3","61.7","29.5","70.5","45.9","54.1","","Tina Drury (YHN Managing Director)","500 to 999","YOUR HOMES NEWCASTLE LIMITED","False","2023/04/05 00:00:00","2022/06/17 09:02:43"
